<?xml version="1.0" encoding="UTF-8"?>
<TEI xsi:schemaLocation="http://www.tei-c.org/ns/1.0 http://lodel.org/ns/tei.openedition.1.5.1/tei.openedition.1.5.1.xsd"
     xmlns="http://www.tei-c.org/ns/1.0"
     xmlns:xsi="http://www.w3.org/2001/XMLSchema-instance"
     xmlns:xs="http://www.w3.org/2001/XMLSchema"
     xmlns:ns="http://www.tei-c.org/ns/1.0"
     xmlns:dcr="http://www.isocat.org/ns/dcr">
  <teiHeader>
    <fileDesc>
      <titleStmt>
        <title type="main">Titre Lorem ipsum pour Lodel 1.0</title>

        <author><name>Prénom Nom de l'auteur</name></author>
      </titleStmt>

      <publicationStmt>
        <publisher/>
      </publicationStmt>

      <sourceDesc>
        <p/>
      </sourceDesc>
    </fileDesc>

    <encodingDesc>
      <projectDesc>
        <p/>
      </projectDesc>
    </encodingDesc>

    <profileDesc/>
  </teiHeader>

  <text>
    <body>
      <p>Lorem ipsum dolor sit amet, consectetur adipiscing elit. Mauris
      mattis orci massa, faucibus aliquam mi egestas at. Sed dictum tellus at
      sapien venenatis, nec gravida nibh tempus. Cras nisi sapien, rhoncus eu
      lectus ac, fringilla lacinia lectus. Curabitur feugiat diam lectus, sed
      cursus ante semper et.Donec sagittis malesuada massa, vel viverra urna.
      Vestibulum pharetra eu elit sit amet tincidunt. Fusce ullamcorper porta
      dui, vitae eleifend eros sagittis nec. Donec non massa ut orci finibus
      pretium et ut ipsum. Cras varius tellus pretium, mattis odio sit amet,
      imperdiet quam. Suspendisse potenti. Cras feugiat rhoncus diam eget
      posuere. Vestibulum blandit sodales fringilla. Pellentesque a
      consectetur mi.</p>

      <p rend="figure-title">Titre de l'image</p>

      <p><figure>
          <graphic url="../files/ouvrage1-2-img1.png"/>
        </figure></p>

      <p>Haec dum oriens diu perferret, caeli reserato tepore Constantius
      consulatu suo septies et Caesaris ter egressus Arelate Valentiam petit,
      in Gundomadum et Vadomarium fratres Alamannorum reges arma moturus,
      quorum crebris excursibus vastabantur confines limitibus terrae
      Gallorum.</p>
    </body>
  </text>
</TEI>
