<?xml version="1.0" encoding="utf-8"?>
<mets:mets xsi:schemaLocation="http://www.loc.gov/METS/ http://lodel.org/ns/mets/mets.openedition.1.1/mets.openedition.1.1.xsd http://www.loc.gov/mods/v3 http://lodel.org/ns/mods/mods.openedition.1.1/mods.openedition.1.1.xsd"
           xmlns:xsi="http://www.w3.org/2001/XMLSchema-instance"
           xmlns:xsd="http://www.w3.org/2001/XMLSchema"
           xmlns:xlink="http://www.w3.org/1999/xlink"
           xmlns:mods="http://www.loc.gov/mods/v3"
           xmlns:mets="http://www.loc.gov/METS/"
           xmlns:marcrel="http://www.loc.gov/loc.terms/relators">
  <mets:dmdSec ADMID="AMDID_2001_05_1" ID="ID_2001_05_1">
    <mets:mdWrap MDTYPE="MODS" MIMETYPE="text/xml">
      <mets:xmlData>
        <mods:titleInfo>
          <mods:title>Titre</mods:title>

          <!-- Titre -->

          <mods:subTitle>Sous-titre</mods:subTitle>

          <!-- Sous-titre -->
        </mods:titleInfo>

        <mods:titleInfo type="translated">
          <mods:title xml:lang="en">English title</mods:title>

          <!-- Titre traduit en anglais-->

          <mods:title xml:lang="de">Deutsch titel</mods:title>

          <!--Titre traduit en allemand-->
        </mods:titleInfo>

        <mods:language usage="primary">
          <mods:languageTerm authority="iso639-2b" type="code">pt</mods:languageTerm>

          <!--Langue -->
        </mods:language>

        <mods:originInfo>
          <mods:dateIssued encoding="w3cdtf">2010-10-03</mods:dateIssued>

          <!--Date de publication électronique-->

          <mods:dateOther encoding="w3cdtf">2008-10-03</mods:dateOther>

          <!-- Date de publication papier-->
        </mods:originInfo>

        <mods:physicalDescription>
          <mods:note>24x15 cm</mods:note>
        </mods:physicalDescription>

        <mods:name>
          <mods:role>
            <mods:roleTerm authority="marcrelator">director</mods:roleTerm>
          </mods:role>

          <mods:namePart type="given">Prénom-du-directeur</mods:namePart>

          <mods:namePart type="family">Nom-du-directeur</mods:namePart>

          <mods:description>Description du directeur</mods:description>
        </mods:name>

        <!-- Informations concernant le directeur/la directrice de la publication-->

        <mods:subject authority="motsclesfr">
          <mods:topic>mot-clé 1</mods:topic>

          <mods:topic>mot-clé 2</mods:topic>

          <mods:topic>mot-clé 3</mods:topic>

          <!--Mots-clés en français -->
        </mods:subject>

        <mods:subject authority="motsclesen">
          <mods:topic>keyword 1</mods:topic>

          <mods:topic>keyword 2</mods:topic>

          <mods:topic>keyword 3</mods:topic>

          <!--Mots-clés en anglais-->
        </mods:subject>

        <mods:subject authority="motsclesde">
          <mods:topic>Schlagwort 1</mods:topic>

          <mods:topic>Schlagwort 2</mods:topic>

          <mods:topic>Schlagwort 3</mods:topic>

          <!--Mots-clés en allemand-->
        </mods:subject>

        <mods:subject authority="motscleses">
          <mods:topic>Palabras claves 1</mods:topic>

          <mods:topic>Palabras claves 2</mods:topic>

          <mods:topic>Palabras claves 3</mods:topic>

          <!--Mots-clés en espagnol -->
        </mods:subject>

        <mods:subject authority="geographie">
          <mods:topic>Lieu 1</mods:topic>

          <mods:topic>Lieu 2</mods:topic>

          <mods:topic>Lieu 3</mods:topic>

          <!-- Index géographique -->
        </mods:subject>

        <mods:identifier type="issue number">Vol. 25/1</mods:identifier>

        <!-- Numéro -->

        <mods:identifier type="isbn">9782XXXXXXXXX</mods:identifier>

        <!-- ISBN-->

        <mods:accessCondition>CC BY-NC-ND</mods:accessCondition>

        <!--Licence -->

        <mods:note><![CDATA[ <p>Introduction text</p> ]]></mods:note>

        <!-- Introduction de la publication (par défault en anglais) -->

        <mods:note xml:lang="fr"><![CDATA[ <p>Texte d'introduction : 1<sup>er</sup> paragraphe</p> <p>Texte d'introduction : 2<sup>e</sup> paragraphe</p>]]></mods:note>

        <!--Introduction de la publication (fr) -->

        <mods:note type="publisher"><![CDATA[ <p>Ceci est la note de la rédaction au sujet de la publication.</p> ]]></mods:note>

        <!--Note de la rédaction au sujet de la publication -->
      </mets:xmlData>
    </mets:mdWrap>
  </mets:dmdSec>

  <mets:dmdSec ID="ID_2001_05_1-section1">
    <mets:mdWrap MDTYPE="MODS" MIMETYPE="text/xml">
      <mets:xmlData>
        <mods:titleInfo>
          <mods:title>Titre de la première partie</mods:title>
        </mods:titleInfo>

        <!-- Les parties d'un volume correspondent au type "souspartie".-->

        <mods:note><![CDATA[ <p>Texte d'introduction de première partie</p> ]]></mods:note>

        <!--Éventuelle description de cette partie -->
      </mets:xmlData>
    </mets:mdWrap>
  </mets:dmdSec>

  <mets:dmdSec ID="exemple-documentTEI">
    <!-- Les métadonnées des unités éditoriales (les articles, les comptes rendus, etc.) ne sont pas nécessaires car elles sont déjà incluses dans les fichiers TEI.-->
  </mets:dmdSec>

  <mets:dmdSec ID="ID_2001_05_1-section2">
    <mets:mdWrap MDTYPE="MODS" MIMETYPE="text/xml">
      <mets:xmlData>
        <mods:titleInfo>
          <mods:title>Titre de la seconde partie</mods:title>
        </mods:titleInfo>

        <!-- Cela correspond au type "souspartie".-->

        <mods:note><![CDATA[ <p>Texte d'introduction de seconde partie</p> ]]></mods:note>

        <!--Éventuelle description de cette partie-->
      </mets:xmlData>
    </mets:mdWrap>
  </mets:dmdSec>

  <mets:dmdSec ID="exemple2-documentTEI">
    <!-- Les métadonnées des unités éditoriales (les articles, les comptes rendus, etc.) ne sont pas nécessaires car elles sont déjà incluses dans les fichiers TEI.-->
  </mets:dmdSec>

  <mets:dmdSec ID="imgb">
    <mets:mdWrap MDTYPE="MODS" MIMETYPE="text/xml">
      <mets:xmlData>
        <mods:titleInfo>
          <mods:title>Titre de l'image de couverture</mods:title>
        </mods:titleInfo>
      </mets:xmlData>
    </mets:mdWrap>
  </mets:dmdSec>

  <mets:amdSec>
    <mets:digiprovMD ID="AMDID_2001_05_1">
      <mets:mdWrap MDTYPE="MODS" MIMETYPE="text/xml">
        <mets:xmlData>
          <mods:note type="sourcetype">ocr</mods:note>

          <!--Source de l'encodage : optical character recognition (ocr)-->
        </mets:xmlData>
      </mets:mdWrap>
    </mets:digiprovMD>
  </mets:amdSec>

  <mets:fileSec>
    <!-- Liste des textes composant le volume -->

    <mets:fileGrp ID="tei_files">
      <mets:file CHECKSUM="8082c6623029a1b287e0fa3a8c786218"
                 CHECKSUMTYPE="MD5" GROUPID="exemple-documentTEI"
                 ID="exemple-documentTEI-tei1" MIMETYPE="text/xml">
        <mets:FLocat LOCTYPE="URL"
                     xlink:href="sources/exemple-documentTEI.xml"/>
      </mets:file>

      <mets:file CHECKSUM="3f46f92de6e2c3aef2e2b5cfbb28944d"
                 CHECKSUMTYPE="MD5" GROUPID="exemple2-documentTEI"
                 ID="exemple2-documentTEI-tei1" MIMETYPE="text/xml">
        <mets:FLocat LOCTYPE="URL"
                     xlink:href="sources/exemple2-documentTEI.xml"/>
      </mets:file>

      <mets:file ID="imga" MIMETYPE="image/jpg">
        <mets:FLocat LOCTYPE="URL" xlink:href="files/a.jpg"/>
      </mets:file>

      <!-- Image relative au volume (ici la couverture) -->
    </mets:fileGrp>

    <mets:fileGrp ID="pdf_files">
      <mets:file CHECKSUM="b8dea9f50d223a4ebd34501d60f383e5"
                 CHECKSUMTYPE="MD5" GROUPID="exemple-documentTEI"
                 ID="exemple-documentTEI-pdf1" MIMETYPE="application/pdf">
        <mets:FLocat LOCTYPE="URL"
                     xlink:href="sources/exemple-documentTEI.pdf"/>
      </mets:file>

      <mets:file CHECKSUM="1b81cc00ee6462e58c18fcffccb21e11"
                 CHECKSUMTYPE="MD5" GROUPID="exemple2-documentTEI"
                 ID="exemple2-documentTEI-pdf1" MIMETYPE="application/pdf">
        <mets:FLocat LOCTYPE="URL"
                     xlink:href="sources/exemple2-documentTEI.pdf"/>
      </mets:file>
    </mets:fileGrp>

    <mets:fileGrp ID="img_files">
      <mets:file CHECKSUM="8082c6623029a1b287e0fa3a8c786218"
                 CHECKSUMTYPE="MD5" ID="exemple-documentTEI-img1"
                 MIMETYPE="image/png">
        <mets:FLocat LOCTYPE="URL"
                     xlink:href="files/exemple-documentTEI-img1.png"/>
      </mets:file>
    </mets:fileGrp>

    <!-- Image(s) contenue(s) dans un (plusieurs) article(s). -->

    <!-- Utiliser le même GROUPID que pour le document.-->
  </mets:fileSec>

  <mets:structMap>
    <mets:div DMDID="ID_2001_05_1" TYPE="numero">
      <!-- Voir la liste des types présente dans la documentation en ligne : https://github.com/OpenEdition/mets.openedition/wiki/1.-Documentation-METS-pour-OpenEdition-->

      <mets:div DMDID="imgb" ORDER="1" TYPE="couverture1">
        <mets:fptr FILEID="imga"/>
      </mets:div>

      <mets:div DMDID="ID_2001_05_1-section1" LABEL="Titre de la  partie 1"
                ORDER="2" TYPE="souspartie">
        <mets:div LABEL="Titre de l'article" ORDER="1" TYPE="article">
          <mets:fptr FILEID="exemple-documentTEI-tei1"/>

          <mets:fptr FILEID="exemple-documentTEI-pdf1"/>
        </mets:div>
      </mets:div>

      <mets:div DMDID="ID_2001_05_1-section2" LABEL="Titre de la partie 2"
                ORDER="3" TYPE="souspartie">
        <mets:div LABEL="Titre de l'article" ORDER="1" TYPE="article">
          <mets:fptr FILEID="exemple2-documentTEI-tei1"/>

          <mets:fptr FILEID="exemple2-documentTEI-pdf1"/>
        </mets:div>
      </mets:div>
    </mets:div>
  </mets:structMap>
</mets:mets>
