<?xml version="1.0" encoding="utf-8"?>
<mets:mets xsi:schemaLocation="http://www.loc.gov/METS/ http://lodel.org/ns/mets/mets.openedition.1.3/mets.openedition.1.3.xsd 
http://www.loc.gov/mods/v3 http://lodel.org/ns/mods/mods.openedition.1.2/mods.openedition.1.2.xsd"
           xmlns:xsi="http://www.w3.org/2001/XMLSchema-instance"
           xmlns:xsd="http://www.w3.org/2001/XMLSchema"
           xmlns:xlink="http://www.w3.org/1999/xlink"
           xmlns:mods="http://www.loc.gov/mods/v3"
           xmlns:mets="http://www.loc.gov/METS/"
           xmlns:marcrel="http://www.loc.gov/loc.terms/relators">
  <mets:dmdSec ADMID="amdbook" ID="ouvrage1">
    <mets:mdWrap MDTYPE="MODS" MIMETYPE="text/xml">
      <mets:xmlData>
        <mods:titleInfo>
          <mods:title>Titre de la publication</mods:title>

          <!-- Titre de l'ouvrage -->

          <mods:subTitle>Sous-titre de la publication</mods:subTitle>

          <!-- Sous-titre de l'ouvrage -->
        </mods:titleInfo>

        <mods:titleInfo type="translated">
          <mods:title xml:lang="en">Titre de la publication traduit en anglais</mods:title>

          <!-- Titre de l'ouvrage traduit en anglais -->
        </mods:titleInfo>

        <mods:identifier type="htmlisbn">978XXXXXXXXXX</mods:identifier>

        <!-- ISBN HTML : ce code est fourni uniquement par OpenEdition. Il ne s'agit pas de l'ISBN officiel géré par l'AFNIL.-->

        <mods:originInfo>
          <mods:publisher>Nom du coéditeur</mods:publisher>

          <!-- Coéditeur (plusieurs éventuellement).-->

          <mods:dateIssued encoding="w3cdtf">2010</mods:dateIssued>

          <!-- L'année d'édition-->

          <mods:place>
            <mods:placeTerm>Lieu d'édition</mods:placeTerm>
          </mods:place>

          <!-- Le lieu d'édition n'est pas obligatoire. En son absence, c'est la ville de l'éditeur (présente dans la notice) qui est récupérée et affichée par défaut.-->
        </mods:originInfo>

        <mods:physicalDescription>
          <mods:extent>II-XXV ; 2-253</mods:extent>

          <!-- Pagination -->
        </mods:physicalDescription>

        <mods:name type="personal">
          <mods:namePart type="given">Prénom-auteur-1</mods:namePart>

          <mods:namePart type="family">Nom-auteur-1</mods:namePart>

          <mods:role>
            <mods:roleTerm authority="marcrelator" type="text">author</mods:roleTerm>
          </mods:role>

          <mods:description>Description de l'auteur 1.</mods:description>

          <!-- Informations relatives à l'un des auteurs de l'ouvrage.-->
        </mods:name>

        <mods:name type="personal">
          <mods:namePart type="given">Prénom-auteur-2</mods:namePart>

          <mods:namePart type="family">Nom-auteur-2</mods:namePart>

          <mods:role>
            <mods:roleTerm authority="marcrelator" type="text">author</mods:roleTerm>
          </mods:role>

          <mods:description>Description de l'auteur 2.</mods:description>

          <!-- Informations relatives au second auteur de cet ouvrage.-->
        </mods:name>

        <mods:name type="personal">
          <mods:namePart type="given">Prénom-directeur-ouvrage</mods:namePart>

          <mods:namePart type="family">Nom-directeur-ouvrage</mods:namePart>

          <mods:role>
            <mods:roleTerm authority="marcrelator" type="text">director</mods:roleTerm>
          </mods:role>

          <!-- Informations relatives au directeur de l'ouvrage.-->
        </mods:name>

        <mods:name type="personal">
          <mods:namePart type="given">Prénom-éditeur-scientifique</mods:namePart>

          <mods:namePart type="family">Nom-éditeur-scientifique</mods:namePart>

          <mods:role>
            <mods:roleTerm authority="marcrelator" type="text">editor</mods:roleTerm>
          </mods:role>

          <!-- Informations concernant l'éditeur scientifique de l'ouvrage.-->
        </mods:name>

        <mods:name type="personal">
          <mods:namePart type="given">Prénom-traducteur</mods:namePart>

          <mods:namePart type="family">Nom-traducteur</mods:namePart>

          <mods:role>
            <mods:roleTerm authority="marcrelator" type="text">translator</mods:roleTerm>
          </mods:role>

          <!-- Informations relatives au traducteur de l'ouvrage.-->
        </mods:name>

        <mods:part>
          <mods:detail>
            <mods:number>1</mods:number>

            <!-- Numéro de l'ouvrage dans la collection -->
          </mods:detail>
        </mods:part>

        <mods:abstract xml:lang="fr"><![CDATA[ <p>Résumé de l'ouvrage en français.</p> <p>Lorem ipsum dolor sit amet, consectetur adipiscing elit. Aenean finibus ligula a metus scelerisque, quis rhoncus est ornare. In aliquam dolor ac mi cursus tristique. Vivamus lacus est, scelerisque nec imperdiet nec, feugiat et nisl. Nunc feugiat orci ac arcu maximus semper. Cras eget fermentum purus, scelerisque luctus lectus. Suspendisse nec odio ut ipsum venenatis dictum. Sed vitae est vulputate, congue augue non, rhoncus purus. Sed consequat dui lorem, eget sagittis urna molestie non. Vivamus efficitur justo mattis elit mattis bibendum vel eget nisi. </p>]]></mods:abstract>

        <!-- Il ne s'agit pas nécessairement d'un résumé à proprement parler, mais d'une présentation de l'ouvrage.-->

        <mods:abstract type="excerpt">
Extrait du livre. Lorem ipsum dolor sit amet, consectetur adipiscing elit. Vivamus quis convallis velit, vitae vulputate odio. Quisque fermentum tortor at urna dapibus, vitae molestie lorem rhoncus. Donec eget urna eu elit viverra tincidunt quis in elit. Vivamus sed pellentesque lacus. Praesent sed nunc purus. Nam convallis convallis ex, vitae porta augue iaculis sed. Curabitur at lorem leo. Praesent commodo dictum augue, vel rutrum orci porta et. Nulla at quam nec felis dictum malesuada in nec orci. Fusce laoreet quis urna sit amet ornare. Pellentesque eu magna ac dui suscipit gravida ut eget nunc.
</mods:abstract>

        <!-- Extrait du livre. -->

        <!-- En l'absence de résumé, ce champ est notamment utilisé afin de présenter l'ouvrage dans le cadre de la commercialisation de cette publication.-->

        <mods:note type="publisher">
Note de l'éditeur
</mods:note>

        <!-- Note de l'éditeur  -->

        <mods:accessCondition>CC BY 3.0</mods:accessCondition>

        <!-- Cet élément ne peut contenir que les licences retenues par OpenEdition, elles sont listées dans la documentation en ligne : https://github.com/OpenEdition/mets.openedition/wiki/2.-Documentation-MODS-pour-OpenEdition-Books-->

        <!-- Par défaut (c'est-à-dire si aucun élément contraire n'est renseigné ici), Lodel attribue OpenEdition Licence for Books à la publication.-->

        <mods:language usage="primary">
          <mods:languageTerm type="code">fr</mods:languageTerm>

          <!--Langue principale ISO 639-1 -->
        </mods:language>

        <mods:language>
          <mods:languageTerm type="code">en</mods:languageTerm>

          <!--Langue secondaire ISO 639-1. La langue secondaire n'est pas une langue utilisée ponctuellement (citations, extraits, etc.) dans un document (chapitre, préface, etc.). Il s'agit d'une langue constituant le corps d'un ou plusieurs documents, mais non majoritaire au niveau de l'ouvrage.-->
        </mods:language>

        <mods:subject authority="bisac">
          <mods:topic>SCI074000</mods:topic>

          <!--Indexation selon la norme Bisac : une seule entrée autorisée.-->

          <!--Cet index ne peut contenir que les codes Bisac retenus par OpenEdition et présentés ici : https://github.com/OpenEdition/mets.openedition/wiki/4.-Bisac-code-->
        </mods:subject>

        <mods:subject authority="openedition">
          <mods:topic>OE-01-06</mods:topic>

          <mods:topic>OE-04-01-02</mods:topic>

          <mods:topic>OE-02-03-03</mods:topic>

          <!--Indexation selon la norme OpenEditon : la saisie des entrées de cet index est réservée à l'équipe d'OpenEdition.-->
        </mods:subject>

        <mods:subject authority="isi">
          <mods:topic>Demography</mods:topic>

          <mods:topic>Urban studies</mods:topic>

          <!--Indexation selon la norme ISI : la saisie des entrées de cet index est réservée à l'équipe d'OpenEdition.-->
        </mods:subject>

        <mods:subject authority="motsclesfr" xml:lang="fr">
          <mods:topic>moc-clé 1</mods:topic>

          <mods:topic>mot-clé 2</mods:topic>

          <mods:topic>mot-clé 3</mods:topic>

          <!-- Indexation : mots-clés français-->
        </mods:subject>

        <mods:subject authority="motsclesen" xml:lang="en">
          <mods:topic>keyword 1</mods:topic>

          <mods:topic>keyword  2</mods:topic>

          <mods:topic>Keyword 3</mods:topic>

          <!-- Indexation : mots-clés anglais-->
        </mods:subject>

        <mods:subject authority="motsclesde">
          <mods:topic>Schlagwort 1</mods:topic>

          <mods:topic>Schlagwort 2</mods:topic>

          <mods:topic>Schlagwort 3</mods:topic>

          <!-- Indexation : mots-clés allemands -->
        </mods:subject>

        <mods:subject authority="motscleses">
          <mods:topic>Palabras claves 1</mods:topic>

          <mods:topic>Palabras claves 2</mods:topic>

          <mods:topic>Palabras claves 3</mods:topic>

          <!-- Indexation : mots-clés espagnols-->
        </mods:subject>

        <mods:subject authority="personnescitees">
          <mods:name>
            <mods:namePart type="given">Prénom-index-personne-citées</mods:namePart>

            <mods:namePart type="family">Nom-index-personne-citées</mods:namePart>

            <!-- Indexation : personnes citées -->

            <mods:namePart/>
          </mods:name>
        </mods:subject>
      </mets:xmlData>
    </mets:mdWrap>
  </mets:dmdSec>

  <mets:dmdSec ID="ouvrage1-1">
    <!-- Les métadonnées des unités éditoriales (ici des chapitres) ne sont pas nécessaires car elles sont déjà incluses dans les fichiers TEI.-->
  </mets:dmdSec>

  <mets:dmdSec ID="ouvrage1-5">
    <!-- Les métadonnées des unités éditoriales (ici des chapitres) ne sont pas nécessaires car elles sont déjà incluses dans les fichiers TEI.-->
  </mets:dmdSec>

  <mets:dmdSec ID="ouvrage1-section1">
    <mets:mdWrap MDTYPE="MODS" MIMETYPE="text/xml">
      <mets:xmlData>
        <mods:titleInfo>
          <mods:title> Titre de la première partie</mods:title>
        </mods:titleInfo>

        <!--Les parties d'un ouvrage correspondent au type "souspartie".-->
      </mets:xmlData>
    </mets:mdWrap>
  </mets:dmdSec>

  <mets:dmdSec ID="ouvrage1-section2">
    <mets:mdWrap MDTYPE="MODS" MIMETYPE="text/xml">
      <mets:xmlData>
        <mods:titleInfo>
          <mods:title>Titre de la première sous-partie de la partie 1</mods:title>
        </mods:titleInfo>

        <!-- Une sous-partie correspond au type "souspartie".-->
      </mets:xmlData>
    </mets:mdWrap>
  </mets:dmdSec>

  <mets:dmdSec ID="ouvrage1-2">
    <!-- Les métadonnées des unités éditoriales (chapitres, préfaces, etc.) ne sont pas nécessaires car elles sont déjà incluses dans les fichiers TEI -->
  </mets:dmdSec>

  <mets:dmdSec ID="ouvrage1-3">
    <!-- Les métadonnées des unités éditoriales (chapitres, préfaces, etc.) ne sont pas nécessaires car elles sont déjà incluses dans les fichiers TEI -->
  </mets:dmdSec>

  <mets:dmdSec ID="ouvrage1-section3">
    <mets:mdWrap MDTYPE="MODS" MIMETYPE="text/xml">
      <mets:xmlData>
        <mods:titleInfo>
          <mods:title> Titre de la seconde sous-partie de la partie 1</mods:title>
        </mods:titleInfo>
      </mets:xmlData>
    </mets:mdWrap>
  </mets:dmdSec>

  <mets:dmdSec ID="ouvrage1-4">
    <!-- Les métadonnées des unités éditoriales (chapitres, préfaces, etc.) ne sont pas nécessaires car elles sont déjà incluses dans les fichiers TEI -->
  </mets:dmdSec>

  <mets:dmdSec ID="ouvrage1-img1">
    <mets:mdWrap MDTYPE="MODS" MIMETYPE="text/xml">
      <mets:xmlData>
        <mods:titleInfo>
          <mods:title>Titre de l'image de couverture</mods:title>
        </mods:titleInfo>
      </mets:xmlData>
    </mets:mdWrap>
  </mets:dmdSec>

  <mets:dmdSec ID="ouvrage1-facsimile">
    <mets:mdWrap MDTYPE="MODS" MIMETYPE="text/xml">
      <mets:xmlData>
        <mods:titleInfo>
          <mods:title>Titre du fac-similé de la totalité de l'ouvrage</mods:title>
        </mods:titleInfo>
      </mets:xmlData>
    </mets:mdWrap>
  </mets:dmdSec>

  <mets:amdSec>
    <mets:digiprovMD ID="amdbook">
      <mets:mdWrap MDTYPE="MODS" MIMETYPE="text/xml">
        <mets:xmlData>
          <mods:note type="sourcetype">ocr</mods:note>

          <!--Source de l'encodage : optical character recognition (ocr)-->
        </mets:xmlData>
      </mets:mdWrap>
    </mets:digiprovMD>
  </mets:amdSec>

  <mets:fileSec>
    <!-- Liste des textes et images (sources et files) composant le volume-->

    <mets:fileGrp ID="tei_files">
      <mets:file CHECKSUM="3f46f92de6e2c3aef2e2b5cfbb28944d"
                 CHECKSUMTYPE="MD5" GROUPID="ouvrage1-1" ID="ouvrage1-tei1"
                 MIMETYPE="text/xml">
        <mets:FLocat LOCTYPE="URL" xlink:href="sources/ouvrage1-1.xml"/>
      </mets:file>

      <mets:file CHECKSUM="9269845f8c0268a4cafbae0e35bae8cc"
                 CHECKSUMTYPE="MD5" GROUPID="ouvrage1-2" ID="ouvrage1-tei2"
                 MIMETYPE="text/xml">
        <mets:FLocat LOCTYPE="URL" xlink:href="sources/ouvrage1-2.xml"/>
      </mets:file>

      <mets:file CHECKSUM="3f46f92de6e2c3aef2e2b5cfbb28944d"
                 CHECKSUMTYPE="MD5" GROUPID="ouvrage1-3" ID="ouvrage1-tei3"
                 MIMETYPE="text/xml">
        <mets:FLocat LOCTYPE="URL" xlink:href="sources/ouvrage1-3.xml"/>
      </mets:file>

      <mets:file CHECKSUM="3f46f92de6e2c3aef2e2b5cfbb28944d"
                 CHECKSUMTYPE="MD5" GROUPID="ouvrage1-4" ID="ouvrage1-tei4"
                 MIMETYPE="text/xml">
        <mets:FLocat LOCTYPE="URL" xlink:href="sources/ouvrage1-4.xml"/>
      </mets:file>

      <mets:file CHECKSUM="3f46f92de6e2c3aef2e2b5cfbb28944d"
                 CHECKSUMTYPE="MD5" GROUPID="ouvrage1-5" ID="ouvrage1-tei5"
                 MIMETYPE="text/xml">
        <mets:FLocat LOCTYPE="URL" xlink:href="sources/ouvrage1-5.xml"/>
      </mets:file>
    </mets:fileGrp>

    <mets:fileGrp ID="pdf_files">
      <mets:file CHECKSUM="1b81cc00ee6462e58c18fcffccb21e11"
                 CHECKSUMTYPE="MD5" GROUPID="ouvrage1-1" ID="ouvrage1-pdf1"
                 MIMETYPE="application/pdf">
        <mets:FLocat LOCTYPE="URL" xlink:href="sources/ouvrage1-1.pdf"/>
      </mets:file>

      <mets:file CHECKSUM="c1a65e628d6a36679a5ce7af2657e97d"
                 CHECKSUMTYPE="MD5" GROUPID="ouvrage1-2" ID="ouvrage1-pdf2"
                 MIMETYPE="application/pdf">
        <mets:FLocat LOCTYPE="URL" xlink:href="sources/ouvrage1-2.pdf"/>
      </mets:file>

      <mets:file CHECKSUM="1b81cc00ee6462e58c18fcffccb21e11"
                 CHECKSUMTYPE="MD5" GROUPID="ouvrage1-3" ID="ouvrage1-pdf3"
                 MIMETYPE="application/pdf">
        <mets:FLocat LOCTYPE="URL" xlink:href="sources/ouvrage1-3.pdf"/>
      </mets:file>

      <mets:file CHECKSUM="1b81cc00ee6462e58c18fcffccb21e11"
                 CHECKSUMTYPE="MD5" GROUPID="ouvrage1-4" ID="ouvrage1-pdf4"
                 MIMETYPE="application/pdf">
        <mets:FLocat LOCTYPE="URL" xlink:href="sources/ouvrage1-4.pdf"/>
      </mets:file>

      <mets:file CHECKSUM="1b81cc00ee6462e58c18fcffccb21e11"
                 CHECKSUMTYPE="MD5" GROUPID="ouvrage1-5" ID="ouvrage1-pdf5"
                 MIMETYPE="application/pdf">
        <mets:FLocat LOCTYPE="URL" xlink:href="sources/ouvrage1-5.pdf"/>
      </mets:file>

      <mets:file CHECKSUM="1b81cc00ee6462e58c18fcffccb21e11"
                 CHECKSUMTYPE="MD5" GROUPID="ouvrage1" ID="ouvrage1-pdf"
                 MIMETYPE="application/pdf">
        <mets:FLocat LOCTYPE="URL" xlink:href="sources/ouvrage1.pdf"/>
      </mets:file>
    </mets:fileGrp>

    <mets:fileGrp ID="msword_files">
      <mets:file CHECKSUM="6dd2f28d807aa880f01fe9d59babe4eb"
                 CHECKSUMTYPE="MD5" GROUPID="ouvrage1-1" ID="ouvrage1-msword1"
                 MIMETYPE="application/msword">
        <mets:FLocat LOCTYPE="URL" xlink:href="sources/ifpo1-1.doc"/>
      </mets:file>

      <mets:file CHECKSUM="4b49934e8ba80ee0864b46c085b743bf"
                 CHECKSUMTYPE="MD5" GROUPID="ouvrage1-2" ID="ouvrage1-msword2"
                 MIMETYPE="application/msword">
        <mets:FLocat LOCTYPE="URL" xlink:href="sources/ouvrage1-2.doc"/>
      </mets:file>

      <mets:file CHECKSUM="6dd2f28d807aa880f01fe9d59babe4eb"
                 CHECKSUMTYPE="MD5" GROUPID="ouvrage1-3" ID="ouvrage1-msword3"
                 MIMETYPE="application/msword">
        <mets:FLocat LOCTYPE="URL" xlink:href="sources/ouvrage1-3.doc"/>
      </mets:file>

      <mets:file CHECKSUM="6dd2f28d807aa880f01fe9d59babe4eb"
                 CHECKSUMTYPE="MD5" GROUPID="ouvrage1-4" ID="ouvrage1-msword4"
                 MIMETYPE="application/msword">
        <mets:FLocat LOCTYPE="URL" xlink:href="sources/ouvrage1-4.doc"/>
      </mets:file>

      <mets:file CHECKSUM="6dd2f28d807aa880f01fe9d59babe4eb"
                 CHECKSUMTYPE="MD5" GROUPID="ouvrage1-5" ID="ouvrage1-msword5"
                 MIMETYPE="application/msword">
        <mets:FLocat LOCTYPE="URL" xlink:href="sources/ouvrage1-5.doc"/>
      </mets:file>
    </mets:fileGrp>

    <mets:fileGrp ID="img_files">
      <mets:file CHECKSUM="a7eb7d35c533b9b585caca3e41497a90"
                 CHECKSUMTYPE="MD5" ID="couverture" MIMETYPE="image/jpg">
        <mets:FLocat LOCTYPE="URL" xlink:href="files/couverture.jpg"/>
      </mets:file>
    </mets:fileGrp>

    <!-- Image(s) relative(s) au volume (la couverture par exemple).-->

    <mets:fileGrp ID="imgdocuments_files">
      <mets:file CHECKSUM="c9f5e176dd0aaa2cbb52f16a0029c1dc"
                 CHECKSUMTYPE="MD5" GROUPID="ouvrage1-2" ID="ouvrage1-2-img1"
                 MIMETYPE="image/png">
        <mets:FLocat LOCTYPE="URL" xlink:href="files/ouvrage1-2-img1.png"/>
      </mets:file>

      <!-- Image(s) contenue(s) dans les unités éditoriales (ex : article).           -->

      <!-- Pour ces images, il faut utiliser le même GROUPID que pour le document. -->
    </mets:fileGrp>
  </mets:fileSec>

  <mets:structMap>
    <mets:div DMDID="ouvrage1" TYPE="livre">
      <!-- Voir la liste des types acceptés dans la documentation : https://github.com/OpenEdition/mets.openedition/wiki/1.-Documentation-METS-pour-OpenEdition-->

      <mets:div DMDID="ouvrage1-1" LABEL="Introduction" ORDER="1"
                TYPE="avantpropos">
        <mets:fptr FILEID="ouvrage1-tei1"/>

        <mets:fptr FILEID="ouvrage1-pdf1"/>

        <mets:fptr FILEID="ouvrage1-msword1"/>
      </mets:div>

      <mets:div DMDID="ouvrage1-section1" LABEL="Titre de la première partie"
                ORDER="2" TYPE="souspartie">
        <mets:div DMDID="ouvrage1-section2"
                  LABEL=" Titre de la première sous-partie de la partie 1"
                  ORDER="1" TYPE="souspartie">
          <mets:div DMDID="ouvrage1-2" LABEL="Titre du chapitre 1" ORDER="1"
                    TYPE="chapitre">
            <mets:fptr FILEID="ouvrage1-tei2"/>

            <mets:fptr FILEID="ouvrage1-pdf2"/>

            <mets:fptr FILEID="ouvrage1-msword2"/>
          </mets:div>

          <mets:div DMDID="ouvrage1-3" LABEL="Titre du chapitre 2" ORDER="2"
                    TYPE="chapitre">
            <mets:fptr FILEID="ouvrage1-tei3"/>

            <mets:fptr FILEID="ouvrage1-pdf3"/>

            <mets:fptr FILEID="ouvrage1-msword3"/>
          </mets:div>
        </mets:div>

        <mets:div DMDID="ouvrage1-section3"
                  LABEL="Titre de la seconde sous-partie de la partie 1"
                  ORDER="2" TYPE="souspartie">
          <mets:div DMDID="ouvrage1-4" LABEL="Titre du chapitre 3" ORDER="1"
                    TYPE="chapitre">
            <mets:fptr FILEID="ouvrage1-tei4"/>

            <mets:fptr FILEID="ouvrage1-pdf4"/>

            <mets:fptr FILEID="ouvrage1-msword4"/>
          </mets:div>
        </mets:div>
      </mets:div>

      <mets:div DMDID="ouvrage1-5"
                LABEL="Titre de la seconde partie : une bibliographie"
                ORDER="3" TYPE="bibliographie">
        <mets:fptr FILEID="ouvrage1-tei5"/>

        <mets:fptr FILEID="ouvrage1-pdf5"/>

        <mets:fptr FILEID="ouvrage1-msword5"/>
      </mets:div>

      <mets:div DMDID="ouvrage1-img1" LABEL="Titre de l'image de couverture"
                ORDER="4" TYPE="couverture1">
        <mets:fptr FILEID="couverture"/>
      </mets:div>

      <mets:div DMDID="ouvrage1-facsimile"
                LABEL="Titre du fac-similé de la totalité de l'ouvrage"
                ORDER="5" TYPE="facsimile">
        <mets:fptr FILEID="ouvrage1-pdf"/>
      </mets:div>
    </mets:div>
  </mets:structMap>
</mets:mets>
